,년도,월,시간대,전력량
0,2014,1월,1시,972
1,2014,1월,2시,855
2,2014,1월,3시,794
3,2014,1월,4시,772
4,2014,1월,5시,769
5,2014,1월,6시,785
6,2014,1월,7시,864
7,2014,1월,8시,975
8,2014,1월,9시,1036
9,2014,1월,10시,1036
10,2014,1월,11시,1012
11,2014,1월,12시,984
12,2014,1월,13시,965
13,2014,1월,14시,941
14,2014,1월,15시,920
15,2014,1월,16시,920
16,2014,1월,17시,954
17,2014,1월,18시,1077
18,2014,1월,19시,1228
19,2014,1월,20시,1266
20,2014,1월,21시,1275
21,2014,1월,22시,1273
22,2014,1월,23시,1216
23,2014,1월,24시,1114
25,2014,2월,1시,986
26,2014,2월,2시,866
27,2014,2월,3시,804
28,2014,2월,4시,779
29,2014,2월,5시,773
30,2014,2월,6시,786
31,2014,2월,7시,868
32,2014,2월,8시,998
33,2014,2월,9시,1039
34,2014,2월,10시,1023
35,2014,2월,11시,994
36,2014,2월,12시,967
37,2014,2월,13시,953
38,2014,2월,14시,935
39,2014,2월,15시,918
40,2014,2월,16시,919
41,2014,2월,17시,948
42,2014,2월,18시,1040
43,2014,2월,19시,1203
44,2014,2월,20시,1271
45,2014,2월,21시,1285
46,2014,2월,22시,1286
47,2014,2월,23시,1231
48,2014,2월,24시,1130
50,2014,3월,1시,982
51,2014,3월,2시,862
52,2014,3월,3시,803
53,2014,3월,4시,782
54,2014,3월,5시,780
55,2014,3월,6시,801
56,2014,3월,7시,912
57,2014,3월,8시,1069
58,2014,3월,9시,1058
59,2014,3월,10시,1016
60,2014,3월,11시,972
61,2014,3월,12시,940
62,2014,3월,13시,923
63,2014,3월,14시,902
64,2014,3월,15시,889
65,2014,3월,16시,896
66,2014,3월,17시,930
67,2014,3월,18시,1020
68,2014,3월,19시,1172
69,2014,3월,20시,1284
70,2014,3월,21시,1311
71,2014,3월,22시,1308
72,2014,3월,23시,1252
73,2014,3월,24시,1136
75,2014,4월,1시,986
76,2014,4월,2시,865
77,2014,4월,3시,805
78,2014,4월,4시,780
79,2014,4월,5시,780
80,2014,4월,6시,801
81,2014,4월,7시,932
82,2014,4월,8시,1085
83,2014,4월,9시,1067
84,2014,4월,10시,1011
85,2014,4월,11시,961
86,2014,4월,12시,930
87,2014,4월,13시,918
88,2014,4월,14시,900
89,2014,4월,15시,889
90,2014,4월,16시,896
91,2014,4월,17시,929
92,2014,4월,18시,1010
93,2014,4월,19시,1136
94,2014,4월,20시,1272
95,2014,4월,21시,1318
96,2014,4월,22시,1320
97,2014,4월,23시,1263
98,2014,4월,24시,1144
100,2014,5월,1시,987
101,2014,5월,2시,862
102,2014,5월,3시,798
103,2014,5월,4시,769
104,2014,5월,5시,763
105,2014,5월,6시,786
106,2014,5월,7시,912
107,2014,5월,8시,1059
108,2014,5월,9시,1059
109,2014,5월,10시,1016
110,2014,5월,11시,974
111,2014,5월,12시,948
112,2014,5월,13시,939
113,2014,5월,14시,924
114,2014,5월,15시,916
115,2014,5월,16시,924
116,2014,5월,17시,952
117,2014,5월,18시,1019
118,2014,5월,19시,1115
119,2014,5월,20시,1233
120,2014,5월,21시,1314
121,2014,5월,22시,1322
122,2014,5월,23시,1266
123,2014,5월,24시,1144
125,2014,6월,1시,973
126,2014,6월,2시,851
127,2014,6월,3시,784
128,2014,6월,4시,750
129,2014,6월,5시,743
130,2014,6월,6시,767
131,2014,6월,7시,886
132,2014,6월,8시,1029
133,2014,6월,9시,1044
134,2014,6월,10시,1016
135,2014,6월,11시,985
136,2014,6월,12시,967
137,2014,6월,13시,965
138,2014,6월,14시,954
139,2014,6월,15시,947
140,2014,6월,16시,956
141,2014,6월,17시,985
142,2014,6월,18시,1048
143,2014,6월,19시,1133
144,2014,6월,20시,1221
145,2014,6월,21시,1305
146,2014,6월,22시,1311
147,2014,6월,23시,1252
148,2014,6월,24시,1128
150,2014,7월,1시,970
151,2014,7월,2시,841
152,2014,7월,3시,769
153,2014,7월,4시,732
154,2014,7월,5시,717
155,2014,7월,6시,732
156,2014,7월,7시,842
157,2014,7월,8시,983
158,2014,7월,9시,1011
159,2014,7월,10시,997
160,2014,7월,11시,981
161,2014,7월,12시,976
162,2014,7월,13시,984
163,2014,7월,14시,983
164,2014,7월,15시,981
165,2014,7월,16시,991
166,2014,7월,17시,1017
167,2014,7월,18시,1071
168,2014,7월,19시,1148
169,2014,7월,20시,1233
170,2014,7월,21시,1315
171,2014,7월,22시,1324
172,2014,7월,23시,1265
173,2014,7월,24시,1138
175,2014,8월,1시,974
176,2014,8월,2시,845
177,2014,8월,3시,772
178,2014,8월,4시,734
179,2014,8월,5시,720
180,2014,8월,6시,729
181,2014,8월,7시,823
182,2014,8월,8시,953
183,2014,8월,9시,1002
184,2014,8월,10시,1012
185,2014,8월,11시,1006
186,2014,8월,12시,1000
187,2014,8월,13시,1008
188,2014,8월,14시,999
189,2014,8월,15시,986
190,2014,8월,16시,989
191,2014,8월,17시,1014
192,2014,8월,18시,1073
193,2014,8월,19시,1160
194,2014,8월,20시,1251
195,2014,8월,21시,1303
196,2014,8월,22시,1292
197,2014,8월,23시,1237
198,2014,8월,24시,1118
200,2014,9월,1시,964
201,2014,9월,2시,840
202,2014,9월,3시,772
203,2014,9월,4시,741
204,2014,9월,5시,734
205,2014,9월,6시,757
206,2014,9월,7시,870
207,2014,9월,8시,1032
208,2014,9월,9시,1052
209,2014,9월,10시,1013
210,2014,9월,11시,980
211,2014,9월,12시,962
212,2014,9월,13시,959
213,2014,9월,14시,947
214,2014,9월,15시,941
215,2014,9월,16시,949
216,2014,9월,17시,980
217,2014,9월,18시,1057
218,2014,9월,19시,1189
219,2014,9월,20시,1294
220,2014,9월,21시,1313
221,2014,9월,22시,1299
222,2014,9월,23시,1238
223,2014,9월,24시,1116
225,2014,10월,1시,973
226,2014,10월,2시,854
227,2014,10월,3시,792
228,2014,10월,4시,765
229,2014,10월,5시,762
230,2014,10월,6시,788
231,2014,10월,7시,897
232,2014,10월,8시,1064
233,2014,10월,9시,1066
234,2014,10월,10시,1003
235,2014,10월,11시,955
236,2014,10월,12시,926
237,2014,10월,13시,916
238,2014,10월,14시,901
239,2014,10월,15시,893
240,2014,10월,16시,903
241,2014,10월,17시,944
242,2014,10월,18시,1061
243,2014,10월,19시,1238
244,2014,10월,20시,1298
245,2014,10월,21시,1316
246,2014,10월,22시,1307
247,2014,10월,23시,1248
248,2014,10월,24시,1127
250,2014,11월,1시,976
251,2014,11월,2시,861
252,2014,11월,3시,800
253,2014,11월,4시,776
254,2014,11월,5시,774
255,2014,11월,6시,795
256,2014,11월,7시,890
257,2014,11월,8시,1041
258,2014,11월,9시,1059
259,2014,11월,10시,1005
260,2014,11월,11시,959
261,2014,11월,12시,927
262,2014,11월,13시,913
263,2014,11월,14시,896
264,2014,11월,15시,887
265,2014,11월,16시,899
266,2014,11월,17시,950
267,2014,11월,18시,1103
268,2014,11월,19시,1245
269,2014,11월,20시,1285
270,2014,11월,21시,1304
271,2014,11월,22시,1297
272,2014,11월,23시,1237
273,2014,11월,24시,1122
275,2014,12월,1시,970
276,2014,12월,2시,858
277,2014,12월,3시,800
278,2014,12월,4시,777
279,2014,12월,5시,775
280,2014,12월,6시,795
281,2014,12월,7시,887
282,2014,12월,8시,1032
283,2014,12월,9시,1062
284,2014,12월,10시,1016
285,2014,12월,11시,979
286,2014,12월,12시,946
287,2014,12월,13시,926
288,2014,12월,14시,910
289,2014,12월,15시,901
290,2014,12월,16시,913
291,2014,12월,17시,966
292,2014,12월,18시,1117
293,2014,12월,19시,1236
294,2014,12월,20시,1265
295,2014,12월,21시,1277
296,2014,12월,22시,1268
297,2014,12월,23시,1214
298,2014,12월,24시,1110
300,2015,1월,1시,968
301,2015,1월,2시,850
302,2015,1월,3시,790
303,2015,1월,4시,767
304,2015,1월,5시,764
305,2015,1월,6시,781
306,2015,1월,7시,861
307,2015,1월,8시,976
308,2015,1월,9시,1039
309,2015,1월,10시,1036
310,2015,1월,11시,1012
311,2015,1월,12시,983
312,2015,1월,13시,962
313,2015,1월,14시,936
314,2015,1월,15시,915
315,2015,1월,16시,915
316,2015,1월,17시,953
317,2015,1월,18시,1083
318,2015,1월,19시,1239
319,2015,1월,20시,1276
320,2015,1월,21시,1286
321,2015,1월,22시,1277
322,2015,1월,23시,1219
323,2015,1월,24시,1111
325,2015,2월,1시,971
326,2015,2월,2시,853
327,2015,2월,3시,791
328,2015,2월,4시,768
329,2015,2월,5시,765
330,2015,2월,6시,783
331,2015,2월,7시,867
332,2015,2월,8시,1000
333,2015,2월,9시,1048
334,2015,2월,10시,1028
335,2015,2월,11시,1001
336,2015,2월,12시,972
337,2015,2월,13시,954
338,2015,2월,14시,933
339,2015,2월,15시,915
340,2015,2월,16시,915
341,2015,2월,17시,947
342,2015,2월,18시,1049
343,2015,2월,19시,1218
344,2015,2월,20시,1283
345,2015,2월,21시,1297
346,2015,2월,22시,1291
347,2015,2월,23시,1232
348,2015,2월,24시,1120
350,2015,3월,1시,981
351,2015,3월,2시,860
352,2015,3월,3시,802
353,2015,3월,4시,781
354,2015,3월,5시,782
355,2015,3월,6시,805
356,2015,3월,7시,921
357,2015,3월,8시,1087
358,2015,3월,9시,1076
359,2015,3월,10시,1013
360,2015,3월,11시,964
361,2015,3월,12시,929
362,2015,3월,13시,908
363,2015,3월,14시,886
364,2015,3월,15시,873
365,2015,3월,16시,880
366,2015,3월,17시,918
367,2015,3월,18시,1012
368,2015,3월,19시,1175
369,2015,3월,20시,1299
370,2015,3월,21시,1327
371,2015,3월,22시,1323
372,2015,3월,23시,1262
373,2015,3월,24시,1138
375,2015,4월,1시,990
376,2015,4월,2시,867
377,2015,4월,3시,804
378,2015,4월,4시,778
379,2015,4월,5시,774
380,2015,4월,6시,794
381,2015,4월,7시,918
382,2015,4월,8시,1077
383,2015,4월,9시,1071
384,2015,4월,10시,1006
385,2015,4월,11시,954
386,2015,4월,12시,922
387,2015,4월,13시,909
388,2015,4월,14시,892
389,2015,4월,15시,882
390,2015,4월,16시,890
391,2015,4월,17시,928
392,2015,4월,18시,1017
393,2015,4월,19시,1148
394,2015,4월,20시,1283
395,2015,4월,21시,1334
396,2015,4월,22시,1335
397,2015,4월,23시,1277
398,2015,4월,24시,1151
400,2015,5월,1시,983
401,2015,5월,2시,855
402,2015,5월,3시,789
403,2015,5월,4시,758
404,2015,5월,5시,753
405,2015,5월,6시,777
406,2015,5월,7시,899
407,2015,5월,8시,1045
408,2015,5월,9시,1063
409,2015,5월,10시,1021
410,2015,5월,11시,981
411,2015,5월,12시,954
412,2015,5월,13시,945
413,2015,5월,14시,929
414,2015,5월,15시,918
415,2015,5월,16시,924
416,2015,5월,17시,952
417,2015,5월,18시,1023
418,2015,5월,19시,1126
419,2015,5월,20시,1243
420,2015,5월,21시,1324
421,2015,5월,22시,1327
422,2015,5월,23시,1270
423,2015,5월,24시,1143
425,2015,6월,1시,962
426,2015,6월,2시,834
427,2015,6월,3시,765
428,2015,6월,4시,732
429,2015,6월,5시,722
430,2015,6월,6시,747
431,2015,6월,7시,870
432,2015,6월,8시,1025
433,2015,6월,9시,1041
434,2015,6월,10시,1006
435,2015,6월,11시,981
436,2015,6월,12시,968
437,2015,6월,13시,969
438,2015,6월,14시,959
439,2015,6월,15시,952
440,2015,6월,16시,960
441,2015,6월,17시,991
442,2015,6월,18시,1062
443,2015,6월,19시,1157
444,2015,6월,20시,1249
445,2015,6월,21시,1330
446,2015,6월,22시,1328
447,2015,6월,23시,1259
448,2015,6월,24시,1128
450,2015,7월,1시,959
451,2015,7월,2시,824
452,2015,7월,3시,750
453,2015,7월,4시,711
454,2015,7월,5시,696
455,2015,7월,6시,711
456,2015,7월,7시,817
457,2015,7월,8시,963
458,2015,7월,9시,1006
459,2015,7월,10시,993
460,2015,7월,11시,983
461,2015,7월,12시,979
462,2015,7월,13시,988
463,2015,7월,14시,988
464,2015,7월,15시,984
465,2015,7월,16시,994
466,2015,7월,17시,1022
467,2015,7월,18시,1085
468,2015,7월,19시,1175
469,2015,7월,20시,1265
470,2015,7월,21시,1342
471,2015,7월,22시,1345
472,2015,7월,23시,1279
473,2015,7월,24시,1142
475,2015,8월,1시,971
476,2015,8월,2시,836
477,2015,8월,3시,758
478,2015,8월,4시,716
479,2015,8월,5시,698
480,2015,8월,6시,703
481,2015,8월,7시,789
482,2015,8월,8시,914
483,2015,8월,9시,971
484,2015,8월,10시,987
485,2015,8월,11시,994
486,2015,8월,12시,1000
487,2015,8월,13시,1017
488,2015,8월,14시,1016
489,2015,8월,15시,1007
490,2015,8월,16시,1012
491,2015,8월,17시,1037
492,2015,8월,18시,1091
493,2015,8월,19시,1177
494,2015,8월,20시,1275
495,2015,8월,21시,1330
496,2015,8월,22시,1321
497,2015,8월,23시,1255
498,2015,8월,24시,1126
500,2015,9월,1시,938
501,2015,9월,2시,813
502,2015,9월,3시,753
503,2015,9월,4시,736
504,2015,9월,5시,731
505,2015,9월,6시,757
506,2015,9월,7시,880
507,2015,9월,8시,1053
508,2015,9월,9시,1063
509,2015,9월,10시,1009
510,2015,9월,11시,972
511,2015,9월,12시,952
512,2015,9월,13시,948
513,2015,9월,14시,938
514,2015,9월,15시,932
515,2015,9월,16시,943
516,2015,9월,17시,979
517,2015,9월,18시,1059
518,2015,9월,19시,1197
519,2015,9월,20시,1314
520,2015,9월,21시,1336
521,2015,9월,22시,1321
522,2015,9월,23시,1252
523,2015,9월,24시,1123
525,2015,10월,1시,966
526,2015,10월,2시,844
527,2015,10월,3시,781
528,2015,10월,4시,754
529,2015,10월,5시,750
530,2015,10월,6시,776
531,2015,10월,7시,887
532,2015,10월,8시,1060
533,2015,10월,9시,1066
534,2015,10월,10시,1002
535,2015,10월,11시,954
536,2015,10월,12시,927
537,2015,10월,13시,917
538,2015,10월,14시,902
539,2015,10월,15시,893
540,2015,10월,16시,904
541,2015,10월,17시,947
542,2015,10월,18시,1071
543,2015,10월,19시,1255
544,2015,10월,20시,1312
545,2015,10월,21시,1329
546,2015,10월,22시,1321
547,2015,10월,23시,1255
548,2015,10월,24시,1128
550,2015,11월,1시,966
551,2015,11월,2시,848
552,2015,11월,3시,785
553,2015,11월,4시,759
554,2015,11월,5시,756
555,2015,11월,6시,779
556,2015,11월,7시,877
557,2015,11월,8시,1037
558,2015,11월,9시,1062
559,2015,11월,10시,1004
560,2015,11월,11시,958
561,2015,11월,12시,929
562,2015,11월,13시,916
563,2015,11월,14시,900
564,2015,11월,15시,892
565,2015,11월,16시,908
566,2015,11월,17시,966
567,2015,11월,18시,1121
568,2015,11월,19시,1257
569,2015,11월,20시,1298
570,2015,11월,21시,1313
571,2015,11월,22시,1303
572,2015,11월,23시,1242
573,2015,11월,24시,1122
575,2015,12월,1시,971
576,2015,12월,2시,854
577,2015,12월,3시,793
578,2015,12월,4시,767
579,2015,12월,5시,765
580,2015,12월,6시,785
581,2015,12월,7시,878
582,2015,12월,8시,1031
583,2015,12월,9시,1068
584,2015,12월,10시,1015
585,2015,12월,11시,976
586,2015,12월,12시,943
587,2015,12월,13시,925
588,2015,12월,14시,906
589,2015,12월,15시,895
590,2015,12월,16시,906
591,2015,12월,17시,961
592,2015,12월,18시,1120
593,2015,12월,19시,1245
594,2015,12월,20시,1278
595,2015,12월,21시,1289
596,2015,12월,22시,1281
597,2015,12월,23시,1227
598,2015,12월,24시,1118
600,2016,1월,1시,964
601,2016,1월,2시,849
602,2016,1월,3시,787
603,2016,1월,4시,761
604,2016,1월,5시,758
605,2016,1월,6시,775
606,2016,1월,7시,853
607,2016,1월,8시,966
608,2016,1월,9시,1033
609,2016,1월,10시,1034
610,2016,1월,11시,1014
611,2016,1월,12시,986
612,2016,1월,13시,967
613,2016,1월,14시,943
614,2016,1월,15시,921
615,2016,1월,16시,921
616,2016,1월,17시,960
617,2016,1월,18시,1091
618,2016,1월,19시,1244
619,2016,1월,20시,1281
620,2016,1월,21시,1287
621,2016,1월,22시,1276
622,2016,1월,23시,1219
623,2016,1월,24시,1109
625,2016,2월,1시,973
626,2016,2월,2시,854
627,2016,2월,3시,791
628,2016,2월,4시,766
629,2016,2월,5시,763
630,2016,2월,6시,781
631,2016,2월,7시,865
632,2016,2월,8시,995
633,2016,2월,9시,1048
634,2016,2월,10시,1033
635,2016,2월,11시,1007
636,2016,2월,12시,979
637,2016,2월,13시,962
638,2016,2월,14시,941
639,2016,2월,15시,921
640,2016,2월,16시,921
641,2016,2월,17시,951
642,2016,2월,18시,1046
643,2016,2월,19시,1211
644,2016,2월,20시,1278
645,2016,2월,21시,1290
646,2016,2월,22시,1281
647,2016,2월,23시,1225
648,2016,2월,24시,1118
650,2016,3월,1시,978
651,2016,3월,2시,857
652,2016,3월,3시,797
653,2016,3월,4시,775
654,2016,3월,5시,775
655,2016,3월,6시,799
656,2016,3월,7시,914
657,2016,3월,8시,1083
658,2016,3월,9시,1076
659,2016,3월,10시,1013
660,2016,3월,11시,964
661,2016,3월,12시,932
662,2016,3월,13시,913
663,2016,3월,14시,893
664,2016,3월,15시,879
665,2016,3월,16시,887
666,2016,3월,17시,924
667,2016,3월,18시,1019
668,2016,3월,19시,1181
669,2016,3월,20시,1302
670,2016,3월,21시,1325
671,2016,3월,22시,1320
672,2016,3월,23시,1259
673,2016,3월,24시,1137
675,2016,4월,1시,984
676,2016,4월,2시,861
677,2016,4월,3시,797
678,2016,4월,4시,770
679,2016,4월,5시,768
680,2016,4월,6시,792
681,2016,4월,7시,915
682,2016,4월,8시,1073
683,2016,4월,9시,1074
684,2016,4월,10시,1014
685,2016,4월,11시,965
686,2016,4월,12시,933
687,2016,4월,13시,919
688,2016,4월,14시,901
689,2016,4월,15시,888
690,2016,4월,16시,896
691,2016,4월,17시,931
692,2016,4월,18시,1018
693,2016,4월,19시,1152
694,2016,4월,20시,1286
695,2016,4월,21시,1329
696,2016,4월,22시,1326
697,2016,4월,23시,1265
698,2016,4월,24시,1142
700,2016,5월,1시,974
701,2016,5월,2시,847
702,2016,5월,3시,781
703,2016,5월,4시,750
704,2016,5월,5시,745
705,2016,5월,6시,772
706,2016,5월,7시,895
707,2016,5월,8시,1048
708,2016,5월,9시,1063
709,2016,5월,10시,1016
710,2016,5월,11시,976
711,2016,5월,12시,950
712,2016,5월,13시,941
713,2016,5월,14시,928
714,2016,5월,15시,919
715,2016,5월,16시,928
716,2016,5월,17시,960
717,2016,5월,18시,1034
718,2016,5월,19시,1141
719,2016,5월,20시,1260
720,2016,5월,21시,1335
721,2016,5월,22시,1333
722,2016,5월,23시,1268
723,2016,5월,24시,1136
725,2016,6월,1시,970
726,2016,6월,2시,838
727,2016,6월,3시,767
728,2016,6월,4시,732
729,2016,6월,5시,722
730,2016,6월,6시,747
731,2016,6월,7시,868
732,2016,6월,8시,1025
733,2016,6월,9시,1050
734,2016,6월,10시,1009
735,2016,6월,11시,979
736,2016,6월,12시,963
737,2016,6월,13시,963
738,2016,6월,14시,955
739,2016,6월,15시,950
740,2016,6월,16시,960
741,2016,6월,17시,992
742,2016,6월,18시,1058
743,2016,6월,19시,1150
744,2016,6월,20시,1244
745,2016,6월,21시,1325
746,2016,6월,22시,1329
747,2016,6월,23시,1267
748,2016,6월,24시,1137
750,2016,7월,1시,961
751,2016,7월,2시,823
752,2016,7월,3시,744
753,2016,7월,4시,703
754,2016,7월,5시,685
755,2016,7월,6시,695
756,2016,7월,7시,790
757,2016,7월,8시,927
758,2016,7월,9시,980
759,2016,7월,10시,981
760,2016,7월,11시,980
761,2016,7월,12시,980
762,2016,7월,13시,994
763,2016,7월,14시,998
764,2016,7월,15시,996
765,2016,7월,16시,1010
766,2016,7월,17시,1041
767,2016,7월,18시,1101
768,2016,7월,19시,1191
769,2016,7월,20시,1278
770,2016,7월,21시,1351
771,2016,7월,22시,1355
772,2016,7월,23시,1289
773,2016,7월,24시,1147
775,2016,8월,1시,991
776,2016,8월,2시,850
777,2016,8월,3시,766
778,2016,8월,4시,718
779,2016,8월,5시,695
780,2016,8월,6시,692
781,2016,8월,7시,763
782,2016,8월,8시,881
783,2016,8월,9시,941
784,2016,8월,10시,961
785,2016,8월,11시,973
786,2016,8월,12시,983
787,2016,8월,13시,1008
788,2016,8월,14시,1015
789,2016,8월,15시,1008
790,2016,8월,16시,1018
791,2016,8월,17시,1046
792,2016,8월,18시,1102
793,2016,8월,19시,1188
794,2016,8월,20시,1285
795,2016,8월,21시,1340
796,2016,8월,22시,1340
797,2016,8월,23시,1282
798,2016,8월,24시,1151
800,2016,9월,1시,954
801,2016,9월,2시,829
802,2016,9월,3시,760
803,2016,9월,4시,727
804,2016,9월,5시,720
805,2016,9월,6시,744
806,2016,9월,7시,853
807,2016,9월,8시,1022
808,2016,9월,9시,1047
809,2016,9월,10시,1007
810,2016,9월,11시,979
811,2016,9월,12시,963
812,2016,9월,13시,962
813,2016,9월,14시,951
814,2016,9월,15시,944
815,2016,9월,16시,954
816,2016,9월,17시,989
817,2016,9월,18시,1073
818,2016,9월,19시,1214
819,2016,9월,20시,1314
820,2016,9월,21시,1327
821,2016,9월,22시,1310
822,2016,9월,23시,1242
823,2016,9월,24시,1115
825,2016,10월,1시,964
826,2016,10월,2시,842
827,2016,10월,3시,777
828,2016,10월,4시,747
829,2016,10월,5시,744
830,2016,10월,6시,771
831,2016,10월,7시,874
832,2016,10월,8시,1044
833,2016,10월,9시,1064
834,2016,10월,10시,1010
835,2016,10월,11시,965
836,2016,10월,12시,937
837,2016,10월,13시,927
838,2016,10월,14시,912
839,2016,10월,15시,902
840,2016,10월,16시,912
841,2016,10월,17시,957
842,2016,10월,18시,1081
843,2016,10월,19시,1256
844,2016,10월,20시,1311
845,2016,10월,21시,1323
846,2016,10월,22시,1312
847,2016,10월,23시,1246
848,2016,10월,24시,1120
850,2016,11월,1시,968
851,2016,11월,2시,850
852,2016,11월,3시,789
853,2016,11월,4시,765
854,2016,11월,5시,764
855,2016,11월,6시,790
856,2016,11월,7시,892
857,2016,11월,8시,1057
858,2016,11월,9시,1069
859,2016,11월,10시,1000
860,2016,11월,11시,948
861,2016,11월,12시,917
862,2016,11월,13시,903
863,2016,11월,14시,885
864,2016,11월,15시,877
865,2016,11월,16시,893
866,2016,11월,17시,952
867,2016,11월,18시,1118
868,2016,11월,19시,1265
869,2016,11월,20시,1306
870,2016,11월,21시,1319
871,2016,11월,22시,1309
872,2016,11월,23시,1243
873,2016,11월,24시,1120
875,2016,12월,1시,966
876,2016,12월,2시,852
877,2016,12월,3시,791
878,2016,12월,4시,766
879,2016,12월,5시,764
880,2016,12월,6시,785
881,2016,12월,7시,877
882,2016,12월,8시,1027
883,2016,12월,9시,1067
884,2016,12월,10시,1018
885,2016,12월,11시,979
886,2016,12월,12시,948
887,2016,12월,13시,928
888,2016,12월,14시,908
889,2016,12월,15시,898
890,2016,12월,16시,911
891,2016,12월,17시,967
892,2016,12월,18시,1125
893,2016,12월,19시,1249
894,2016,12월,20시,1281
895,2016,12월,21시,1288
896,2016,12월,22시,1278
897,2016,12월,23시,1219
898,2016,12월,24시,1109
900,2017,1월,1시,964
901,2017,1월,2시,851
902,2017,1월,3시,790
903,2017,1월,4시,765
904,2017,1월,5시,761
905,2017,1월,6시,780
906,2017,1월,7시,857
907,2017,1월,8시,970
908,2017,1월,9시,1037
909,2017,1월,10시,1036
910,2017,1월,11시,1013
911,2017,1월,12시,986
912,2017,1월,13시,969
913,2017,1월,14시,942
914,2017,1월,15시,920
915,2017,1월,16시,921
916,2017,1월,17시,958
917,2017,1월,18시,1087
918,2017,1월,19시,1243
919,2017,1월,20시,1278
920,2017,1월,21시,1284
921,2017,1월,22시,1273
922,2017,1월,23시,1212
923,2017,1월,24시,1104
925,2017,2월,1시,968
926,2017,2월,2시,855
927,2017,2월,3시,795
928,2017,2월,4시,770
929,2017,2월,5시,767
930,2017,2월,6시,788
931,2017,2월,7시,873
932,2017,2월,8시,1007
933,2017,2월,9시,1054
934,2017,2월,10시,1031
935,2017,2월,11시,999
936,2017,2월,12시,970
937,2017,2월,13시,951
938,2017,2월,14시,927
939,2017,2월,15시,908
940,2017,2월,16시,910
941,2017,2월,17시,942
942,2017,2월,18시,1047
943,2017,2월,19시,1220
944,2017,2월,20시,1290
945,2017,2월,21시,1298
946,2017,2월,22시,1288
947,2017,2월,23시,1226
948,2017,2월,24시,1114
950,2017,3월,1시,975
951,2017,3월,2시,858
952,2017,3월,3시,799
953,2017,3월,4시,775
954,2017,3월,5시,775
955,2017,3월,6시,800
956,2017,3월,7시,911
957,2017,3월,8시,1077
958,2017,3월,9시,1072
959,2017,3월,10시,1012
960,2017,3월,11시,964
961,2017,3월,12시,931
962,2017,3월,13시,913
963,2017,3월,14시,890
964,2017,3월,15시,876
965,2017,3월,16시,883
966,2017,3월,17시,923
967,2017,3월,18시,1027
968,2017,3월,19시,1195
969,2017,3월,20시,1311
970,2017,3월,21시,1330
971,2017,3월,22시,1320
972,2017,3월,23시,1252
973,2017,3월,24시,1130
975,2017,4월,1시,985
976,2017,4월,2시,863
977,2017,4월,3시,800
978,2017,4월,4시,772
979,2017,4월,5시,771
980,2017,4월,6시,794
981,2017,4월,7시,912
982,2017,4월,8시,1066
983,2017,4월,9시,1070
984,2017,4월,10시,1012
985,2017,4월,11시,964
986,2017,4월,12시,932
987,2017,4월,13시,920
988,2017,4월,14시,902
989,2017,4월,15시,889
990,2017,4월,16시,897
991,2017,4월,17시,929
992,2017,4월,18시,1016
993,2017,4월,19시,1152
994,2017,4월,20시,1292
995,2017,4월,21시,1333
996,2017,4월,22시,1329
997,2017,4월,23시,1263
998,2017,4월,24시,1137
1000,2017,5월,1시,973
1001,2017,5월,2시,849
1002,2017,5월,3시,782
1003,2017,5월,4시,751
1004,2017,5월,5시,745
1005,2017,5월,6시,771
1006,2017,5월,7시,886
1007,2017,5월,8시,1032
1008,2017,5월,9시,1054
1009,2017,5월,10시,1014
1010,2017,5월,11시,979
1011,2017,5월,12시,956
1012,2017,5월,13시,948
1013,2017,5월,14시,932
1014,2017,5월,15시,923
1015,2017,5월,16시,930
1016,2017,5월,17시,963
1017,2017,5월,18시,1036
1018,2017,5월,19시,1144
1019,2017,5월,20시,1264
1020,2017,5월,21시,1336
1021,2017,5월,22시,1334
1022,2017,5월,23시,1263
1023,2017,5월,24시,1131
1025,2017,6월,1시,963
1026,2017,6월,2시,838
1027,2017,6월,3시,769
1028,2017,6월,4시,735
1029,2017,6월,5시,726
1030,2017,6월,6시,752
1031,2017,6월,7시,866
1032,2017,6월,8시,1019
1033,2017,6월,9시,1043
1034,2017,6월,10시,1005
1035,2017,6월,11시,977
1036,2017,6월,12시,962
1037,2017,6월,13시,962
1038,2017,6월,14시,952
1039,2017,6월,15시,948
1040,2017,6월,16시,960
1041,2017,6월,17시,993
1042,2017,6월,18시,1065
1043,2017,6월,19시,1160
1044,2017,6월,20시,1254
1045,2017,6월,21시,1331
1046,2017,6월,22시,1330
1047,2017,6월,23시,1260
1048,2017,6월,24시,1127
1050,2017,7월,1시,965
1051,2017,7월,2시,827
1052,2017,7월,3시,746
1053,2017,7월,4시,702
1054,2017,7월,5시,682
1055,2017,7월,6시,687
1056,2017,7월,7시,773
1057,2017,7월,8시,907
1058,2017,7월,9시,961
1059,2017,7월,10시,963
1060,2017,7월,11시,965
1061,2017,7월,12시,969
1062,2017,7월,13시,988
1063,2017,7월,14시,994
1064,2017,7월,15시,996
1065,2017,7월,16시,1010
1066,2017,7월,17시,1049
1067,2017,7월,18시,1117
1068,2017,7월,19시,1216
1069,2017,7월,20시,1306
1070,2017,7월,21시,1371
1071,2017,7월,22시,1369
1072,2017,7월,23시,1293
1073,2017,7월,24시,1144
1075,2017,8월,1시,971
1076,2017,8월,2시,836
1077,2017,8월,3시,757
1078,2017,8월,4시,714
1079,2017,8월,5시,694
1080,2017,8월,6시,699
1081,2017,8월,7시,781
1082,2017,8월,8시,909
1083,2017,8월,9시,965
1084,2017,8월,10시,978
1085,2017,8월,11시,983
1086,2017,8월,12시,988
1087,2017,8월,13시,1006
1088,2017,8월,14시,1006
1089,2017,8월,15시,999
1090,2017,8월,16시,1007
1091,2017,8월,17시,1036
1092,2017,8월,18시,1103
1093,2017,8월,19시,1199
1094,2017,8월,20시,1298
1095,2017,8월,21시,1344
1096,2017,8월,22시,1334
1097,2017,8월,23시,1264
1098,2017,8월,24시,1128
1100,2017,9월,1시,951
1101,2017,9월,2시,831
1102,2017,9월,3시,764
1103,2017,9월,4시,732
1104,2017,9월,5시,727
1105,2017,9월,6시,753
1106,2017,9월,7시,866
1107,2017,9월,8시,1035
1108,2017,9월,9시,1054
1109,2017,9월,10시,1007
1110,2017,9월,11시,973
1111,2017,9월,12시,955
1112,2017,9월,13시,954
1113,2017,9월,14시,943
1114,2017,9월,15시,936
1115,2017,9월,16시,949
1116,2017,9월,17시,979
1117,2017,9월,18시,1067
1118,2017,9월,19시,1214
1119,2017,9월,20시,1322
1120,2017,9월,21시,1333
1121,2017,9월,22시,1312
1122,2017,9월,23시,1238
1123,2017,9월,24시,1105
1125,2017,10월,1시,961
1126,2017,10월,2시,845
1127,2017,10월,3시,782
1128,2017,10월,4시,751
1129,2017,10월,5시,746
1130,2017,10월,6시,769
1131,2017,10월,7시,860
1132,2017,10월,8시,1016
1133,2017,10월,9시,1044
1134,2017,10월,10시,1010
1135,2017,10월,11시,978
1136,2017,10월,12시,954
1137,2017,10월,13시,945
1138,2017,10월,14시,928
1139,2017,10월,15시,916
1140,2017,10월,16시,925
1141,2017,10월,17시,962
1142,2017,10월,18시,1086
1143,2017,10월,19시,1260
1144,2017,10월,20시,1309
1145,2017,10월,21시,1316
1146,2017,10월,22시,1298
1147,2017,10월,23시,1230
1148,2017,10월,24시,1105
1150,2017,11월,1시,958
1151,2017,11월,2시,846
1152,2017,11월,3시,788
1153,2017,11월,4시,764
1154,2017,11월,5시,764
1155,2017,11월,6시,791
1156,2017,11월,7시,892
1157,2017,11월,8시,1056
1158,2017,11월,9시,1068
1159,2017,11월,10시,999
1160,2017,11월,11시,948
1161,2017,11월,12시,917
1162,2017,11월,13시,903
1163,2017,11월,14시,886
1164,2017,11월,15시,878
1165,2017,11월,16시,893
1166,2017,11월,17시,952
1167,2017,11월,18시,1123
1168,2017,11월,19시,1275
1169,2017,11월,20시,1316
1170,2017,11월,21시,1325
1171,2017,11월,22시,1309
1172,2017,11월,23시,1238
1173,2017,11월,24시,1108
1175,2017,12월,1시,957
1176,2017,12월,2시,851
1177,2017,12월,3시,792
1178,2017,12월,4시,767
1179,2017,12월,5시,765
1180,2017,12월,6시,787
1181,2017,12월,7시,874
1182,2017,12월,8시,1017
1183,2017,12월,9시,1059
1184,2017,12월,10시,1021
1185,2017,12월,11시,988
1186,2017,12월,12시,956
1187,2017,12월,13시,935
1188,2017,12월,14시,914
1189,2017,12월,15시,903
1190,2017,12월,16시,916
1191,2017,12월,17시,972
1192,2017,12월,18시,1133
1193,2017,12월,19시,1254
1194,2017,12월,20시,1283
1195,2017,12월,21시,1286
1196,2017,12월,22시,1270
1197,2017,12월,23시,1205
1198,2017,12월,24시,1091
1200,2018,1월,1시,951
1201,2018,1월,2시,845
1202,2018,1월,3시,786
1203,2018,1월,4시,761
1204,2018,1월,5시,758
1205,2018,1월,6시,778
1206,2018,1월,7시,859
1207,2018,1월,8시,974
1208,2018,1월,9시,1036
1209,2018,1월,10시,1029
1210,2018,1월,11시,1006
1211,2018,1월,12시,983
1212,2018,1월,13시,969
1213,2018,1월,14시,944
1214,2018,1월,15시,924
1215,2018,1월,16시,927
1216,2018,1월,17시,971
1217,2018,1월,18시,1099
1218,2018,1월,19시,1255
1219,2018,1월,20시,1291
1220,2018,1월,21시,1291
1221,2018,1월,22시,1272
1222,2018,1월,23시,1203
1223,2018,1월,24시,1087
1225,2018,2월,1시,963
1226,2018,2월,2시,853
1227,2018,2월,3시,793
1228,2018,2월,4시,767
1229,2018,2월,5시,763
1230,2018,2월,6시,784
1231,2018,2월,7시,864
1232,2018,2월,8시,992
1233,2018,2월,9시,1045
1234,2018,2월,10시,1031
1235,2018,2월,11시,1006
1236,2018,2월,12시,981
1237,2018,2월,13시,965
1238,2018,2월,14시,941
1239,2018,2월,15시,922
1240,2018,2월,16시,926
1241,2018,2월,17시,960
1242,2018,2월,18시,1051
1243,2018,2월,19시,1226
1244,2018,2월,20시,1285
1245,2018,2월,21시,1287
1246,2018,2월,22시,1275
1247,2018,2월,23시,1214
1248,2018,2월,24시,1099
1250,2018,3월,1시,971
1251,2018,3월,2시,853
1252,2018,3월,3시,792
1253,2018,3월,4시,767
1254,2018,3월,5시,765
1255,2018,3월,6시,790
1256,2018,3월,7시,894
1257,2018,3월,8시,1062
1258,2018,3월,9시,1070
1259,2018,3월,10시,1019
1260,2018,3월,11시,975
1261,2018,3월,12시,945
1262,2018,3월,13시,928
1263,2018,3월,14시,905
1264,2018,3월,15시,891
1265,2018,3월,16시,898
1266,2018,3월,17시,937
1267,2018,3월,18시,1030
1268,2018,3월,19시,1202
1269,2018,3월,20시,1311
1270,2018,3월,21시,1325
1271,2018,3월,22시,1310
1272,2018,3월,23시,1240
1273,2018,3월,24시,1114
1275,2018,4월,1시,969
1276,2018,4월,2시,852
1277,2018,4월,3시,790
1278,2018,4월,4시,762
1279,2018,4월,5시,760
1280,2018,4월,6시,787
1281,2018,4월,7시,903
1282,2018,4월,8시,1062
1283,2018,4월,9시,1067
1284,2018,4월,10시,1010
1285,2018,4월,11시,965
1286,2018,4월,12시,937
1287,2018,4월,13시,926
1288,2018,4월,14시,908
1289,2018,4월,15시,896
1290,2018,4월,16시,907
1291,2018,4월,17시,946
1292,2018,4월,18시,1027
1293,2018,4월,19시,1175
1294,2018,4월,20시,1307
1295,2018,4월,21시,1341
1296,2018,4월,22시,1326
1297,2018,4월,23시,1252
1298,2018,4월,24시,1118
1300,2018,5월,1시,966
1301,2018,5월,2시,844
1302,2018,5월,3시,779
1303,2018,5월,4시,748
1304,2018,5월,5시,742
1305,2018,5월,6시,769
1306,2018,5월,7시,883
1307,2018,5월,8시,1035
1308,2018,5월,9시,1056
1309,2018,5월,10시,1014
1310,2018,5월,11시,978
1311,2018,5월,12시,956
1312,2018,5월,13시,948
1313,2018,5월,14시,931
1314,2018,5월,15시,921
1315,2018,5월,16시,929
1316,2018,5월,17시,965
1317,2018,5월,18시,1044
1318,2018,5월,19시,1164
1319,2018,5월,20시,1278
1320,2018,5월,21시,1339
1321,2018,5월,22시,1330
1322,2018,5월,23시,1255
1323,2018,5월,24시,1119
1325,2018,6월,1시,965
1326,2018,6월,2시,841
1327,2018,6월,3시,765
1328,2018,6월,4시,727
1329,2018,6월,5시,715
1330,2018,6월,6시,738
1331,2018,6월,7시,843
1332,2018,6월,8시,990
1333,2018,6월,9시,1026
1334,2018,6월,10시,1001
1335,2018,6월,11시,980
1336,2018,6월,12시,968
1337,2018,6월,13시,970
1338,2018,6월,14시,960
1339,2018,6월,15시,954
1340,2018,6월,16시,969
1341,2018,6월,17시,1006
1342,2018,6월,18시,1071
1343,2018,6월,19시,1181
1344,2018,6월,20시,1271
1345,2018,6월,21시,1339
1346,2018,6월,22시,1333
1347,2018,6월,23시,1259
1348,2018,6월,24시,1124
1350,2018,7월,1시,961
1351,2018,7월,2시,823
1352,2018,7월,3시,740
1353,2018,7월,4시,694
1354,2018,7월,5시,670
1355,2018,7월,6시,671
1356,2018,7월,7시,750
1357,2018,7월,8시,884
1358,2018,7월,9시,941
1359,2018,7월,10시,945
1360,2018,7월,11시,950
1361,2018,7월,12시,959
1362,2018,7월,13시,985
1363,2018,7월,14시,997
1364,2018,7월,15시,1001
1365,2018,7월,16시,1018
1366,2018,7월,17시,1060
1367,2018,7월,18시,1140
1368,2018,7월,19시,1240
1369,2018,7월,20시,1326
1370,2018,7월,21시,1387
1371,2018,7월,22시,1387
1372,2018,7월,23시,1309
1373,2018,7월,24시,1154
1375,2018,8월,1시,985
1376,2018,8월,2시,853
1377,2018,8월,3시,772
1378,2018,8월,4시,724
1379,2018,8월,5시,697
1380,2018,8월,6시,690
1381,2018,8월,7시,751
1382,2018,8월,8시,866
1383,2018,8월,9시,929
1384,2018,8월,10시,952
1385,2018,8월,11시,966
1386,2018,8월,12시,981
1387,2018,8월,13시,1009
1388,2018,8월,14시,1014
1389,2018,8월,15시,1010
1390,2018,8월,16시,1027
1391,2018,8월,17시,1061
1392,2018,8월,18시,1107
1393,2018,8월,19시,1217
1394,2018,8월,20시,1304
1395,2018,8월,21시,1347
1396,2018,8월,22시,1337
1397,2018,8월,23시,1267
1398,2018,8월,24시,1133
1400,2018,9월,1시,953
1401,2018,9월,2시,831
1402,2018,9월,3시,764
1403,2018,9월,4시,729
1404,2018,9월,5시,721
1405,2018,9월,6시,743
1406,2018,9월,7시,839
1407,2018,9월,8시,994
1408,2018,9월,9시,1034
1409,2018,9월,10시,1011
1410,2018,9월,11시,990
1411,2018,9월,12시,976
1412,2018,9월,13시,974
1413,2018,9월,14시,960
1414,2018,9월,15시,951
1415,2018,9월,16시,963
1416,2018,9월,17시,999
1417,2018,9월,18시,1077
1418,2018,9월,19시,1222
1419,2018,9월,20시,1318
1420,2018,9월,21시,1326
1421,2018,9월,22시,1301
1422,2018,9월,23시,1224
1423,2018,9월,24시,1095
1425,2018,10월,1시,959
1426,2018,10월,2시,843
1427,2018,10월,3시,782
1428,2018,10월,4시,753
1429,2018,10월,5시,750
1430,2018,10월,6시,779
1431,2018,10월,7시,879
1432,2018,10월,8시,1042
1433,2018,10월,9시,1054
1434,2018,10월,10시,997
1435,2018,10월,11시,955
1436,2018,10월,12시,931
1437,2018,10월,13시,923
1438,2018,10월,14시,904
1439,2018,10월,15시,893
1440,2018,10월,16시,902
1441,2018,10월,17시,949
1442,2018,10월,18시,1074
1443,2018,10월,19시,1274
1444,2018,10월,20시,1334
1445,2018,10월,21시,1340
1446,2018,10월,22시,1322
1447,2018,10월,23시,1243
1448,2018,10월,24시,1109
1450,2018,11월,1시,958
1451,2018,11월,2시,845
1452,2018,11월,3시,786
1453,2018,11월,4시,761
1454,2018,11월,5시,759
1455,2018,11월,6시,786
1456,2018,11월,7시,884
1457,2018,11월,8시,1048
1458,2018,11월,9시,1064
1459,2018,11월,10시,996
1460,2018,11월,11시,946
1461,2018,11월,12시,918
1462,2018,11월,13시,907
1463,2018,11월,14시,890
1464,2018,11월,15시,881
1465,2018,11월,16시,899
1466,2018,11월,17시,960
1467,2018,11월,18시,1116
1468,2018,11월,19시,1282
1469,2018,11월,20시,1323
1470,2018,11월,21시,1328
1471,2018,11월,22시,1310
1472,2018,11월,23시,1234
1473,2018,11월,24시,1105
1475,2018,12월,1시,957
1476,2018,12월,2시,848
1477,2018,12월,3시,787
1478,2018,12월,4시,761
1479,2018,12월,5시,757
1480,2018,12월,6시,778
1481,2018,12월,7시,862
1482,2018,12월,8시,1004
1483,2018,12월,9시,1054
1484,2018,12월,10시,1017
1485,2018,12월,11시,983
1486,2018,12월,12시,955
1487,2018,12월,13시,939
1488,2018,12월,14시,920
1489,2018,12월,15시,908
1490,2018,12월,16시,922
1491,2018,12월,17시,979
1492,2018,12월,18시,1125
1493,2018,12월,19시,1266
1494,2018,12월,20시,1294
1495,2018,12월,21시,1295
1496,2018,12월,22시,1277
1497,2018,12월,23시,1207
1498,2018,12월,24시,1092
