yearmonthday,elec
20140101,847701.4256463721
20140102,847868.9794728999
20140103,848362.2574328578
20140104,847253.1832930797
20140105,848006.2568054654
20140106,848198.8949126588
20140107,845105.1366450859
20140108,846793.6692670081
20140109,847922.4937772481
20140110,847007.4515053891
20140111,847767.7539620397
20140112,846745.5781251694
20140113,847059.1306700478
20140114,847930.9538104241
20140115,846610.1987923895
20140116,845532.2712647835
20140117,846290.0555245592
20140118,848454.5367732653
20140119,848846.6771233162
20140120,847508.3107011599
20140121,846771.6774817572
20140122,846083.0664977402
20140123,848322.0248964864
20140124,846543.8840697046
20140125,847229.9153814683
20140126,847993.7070651368
20140127,847365.0871468092
20140128,845467.5833775906
20140129,846025.3660623688
20140130,847652.4308525181
20140131,846785.4213840362
20140201,806239.563967631
20140202,805298.5964693263
20140203,806127.2691294721
20140204,806386.9456684215
20140205,806686.0516988385
20140206,807431.5851189729
20140207,807374.6656307934
20140208,806319.8053601094
20140209,807475.6728416668
20140210,807428.5058377741
20140211,806965.6526419106
20140212,805655.1484127437
20140213,807818.7908888453
20140214,805407.6230791161
20140215,805266.8633348347
20140216,806143.9857374855
20140217,805046.2777210354
20140218,806706.2996749863
20140219,805301.5576530619
20140220,805260.5808882703
20140221,805182.3417227293
20140222,807043.9209145545
20140223,805539.1250313494
20140224,807826.4689868098
20140225,807094.9105666429
20140226,805616.4993003919
20140227,806740.161712938
20140228,804771.0596800604
20140301,775202.7329691174
20140302,775028.2659291283
20140303,774640.2936474255
20140304,775621.20459433
20140305,774842.2331313987
20140306,774879.1827622363
20140307,774421.9515943049
20140308,773930.7866093623
20140309,776455.0580843088
20140310,778629.9415157847
20140311,775651.484961478
20140312,776862.7894346898
20140313,775799.3171836841
20140314,774067.230995931
20140315,774203.6393645261
20140316,775503.4830980361
20140317,774963.7894789664
20140318,775727.3809746137
20140319,775477.835333202
20140320,777979.3176853302
20140321,776318.0179989975
20140322,774716.7655982224
20140323,774941.3203336208
20140324,775649.2289046879
20140325,777924.7999181084
20140326,776373.8485039558
20140327,776294.8421062769
20140328,775990.9225229428
20140329,775434.5878304698
20140330,775104.0987481305
20140331,775023.4845530875
20140401,749288.0029344485
20140402,748057.61858838
20140403,748171.012059964
20140404,749077.4318647144
20140405,750092.9886044397
20140406,749787.2298927745
20140407,750320.4639200646
20140408,750392.1474842496
20140409,749098.6913999629
20140410,748945.170805172
20140411,748838.9466352367
20140412,749033.4341835454
20140413,748150.2478620033
20140414,750114.6605161995
20140415,750000.2059496345
20140416,749696.766082652
20140417,750963.5411216854
20140418,749333.9984318201
20140419,750839.7250778226
20140420,750953.0309272883
20140421,749510.8345755193
20140422,749074.140184343
20140423,749035.9908840279
20140424,749090.2643674281
20140425,748947.40875381
20140426,749860.9290930611
20140427,749007.7601312285
20140428,749889.5884690075
20140429,749504.8535777254
20140430,749877.5716564584
20140501,741844.810932234
20140502,741475.9714454351
20140503,741283.3741073769
20140504,741166.3275059258
20140505,740948.8211639766
20140506,740072.0766047052
20140507,741446.2064414502
20140508,740885.6763687191
20140509,741753.7133834466
20140510,740211.1221396799
20140511,740713.6885450081
20140512,741416.1769916774
20140513,741895.3668219657
20140514,740757.0347006797
20140515,740310.1824124653
20140516,741528.3548913841
20140517,740330.7605648893
20140518,741024.4086390682
20140519,742493.9186920973
20140520,741450.8415026678
20140521,741921.1275238356
20140522,742591.4047089729
20140523,742985.2602049578
20140524,741293.1120752338
20140525,739772.5965353871
20140526,742490.7708727071
20140527,741180.9913079799
20140528,740910.0868224765
20140529,741233.1995790896
20140530,741110.3771840719
20140531,741454.1347008995
20140601,718748.5201341526
20140602,717689.0956359733
20140603,715993.8982655597
20140604,717224.6960030255
20140605,717498.9645214407
20140606,717679.573783766
20140607,717167.4712114085
20140608,717619.1475325244
20140609,717241.4409041968
20140610,718137.2978430563
20140611,718219.0176620758
20140612,718731.5767649729
20140613,716829.2298570136
20140614,717323.7743915712
20140615,716836.1876285538
20140616,716036.8430855599
20140617,715809.1896680683
20140618,717786.8123950174
20140619,717457.0483731843
20140620,717111.8183688535
20140621,717783.7379357972
20140622,717363.459351621
20140623,718307.4773569796
20140624,717110.7146356455
20140625,717092.7044919522
20140626,717263.6445019438
20140627,718130.3254313908
20140628,718146.6456992652
20140629,717708.3989951872
20140630,716490.3789190181
20140701,726083.4829824101
20140702,725557.8435847413
20140703,724390.5025613117
20140704,725728.1784097789
20140705,726778.9635961138
20140706,726811.7940177461
20140707,726560.4180624967
20140708,726034.4193726536
20140709,725954.2180165119
20140710,725711.0829297961
20140711,726303.7813656115
20140712,725801.5962431735
20140713,725320.4552893689
20140714,726421.5778853792
20140715,726309.718719702
20140716,726091.522465134
20140717,726590.1737530702
20140718,726139.4880691938
20140719,726780.8160253324
20140720,726640.1486042124
20140721,725481.8899370164
20140722,726236.0751942972
20140723,726797.9838860075
20140724,725152.7015572689
20140725,725850.5414232876
20140726,725081.4372862279
20140727,725436.0445450515
20140728,726730.8784561629
20140729,726275.9732592504
20140730,726277.6970309186
20140731,724790.018405556
20140801,774899.3929339972
20140802,776675.2460591738
20140803,776782.0240418931
20140804,775517.975391168
20140805,775388.4410069624
20140806,775300.0668265253
20140807,775029.0174258798
20140808,774616.7494284204
20140809,775731.766501747
20140810,773726.2577149943
20140811,775698.6906562098
20140812,776466.4364812181
20140813,776118.616765778
20140814,776706.612889239
20140815,776719.2222378313
20140816,775756.9378454973
20140817,775022.2486493682
20140818,775587.9529172775
20140819,774752.5800960412
20140820,775811.18157918
20140821,776256.0000635926
20140822,775878.5578160895
20140823,776458.2465556164
20140824,777720.0207182609
20140825,775337.1697210807
20140826,774470.4258234433
20140827,777112.443928727
20140828,775932.3360703551
20140829,777289.4418467152
20140830,775048.7985025856
20140831,775822.4049374755
20140901,807113.2630655987
20140902,804852.4064186892
20140903,804054.601623086
20140904,806825.7698166046
20140905,804685.0720954065
20140906,805638.4370997217
20140907,806463.3690573465
20140908,806560.7413854301
20140909,807197.6528250207
20140910,805927.7437725666
20140911,805645.4440633368
20140912,807435.8805614249
20140913,805313.3932148307
20140914,804621.6289188755
20140915,805549.8249947812
20140916,806306.9923076674
20140917,804965.725452721
20140918,806575.1765933802
20140919,807133.7229609671
20140920,804197.3081910838
20140921,805703.8596132245
20140922,806283.7510839025
20140923,806933.4541553417
20140924,807134.8492554495
20140925,806834.8796817663
20140926,805169.677933911
20140927,805744.6484003565
20140928,806379.1970732139
20140929,805351.3962086262
20140930,805729.8157048217
20141001,732196.971277754
20141002,732238.6890616274
20141003,731492.4854750365
20141004,732388.7977576328
20141005,731587.4690572767
20141006,732449.2969485525
20141007,730728.5338420575
20141008,732678.0596465251
20141009,732702.9949600693
20141010,732495.4541770039
20141011,732749.6439206399
20141012,733557.686566919
20141013,731509.542981083
20141014,732514.3523777486
20141015,732525.1134200777
20141016,731716.5299636575
20141017,731912.9612264007
20141018,732839.498752234
20141019,733418.0075923811
20141020,732501.5574036606
20141021,733037.6516655538
20141022,732348.4506968476
20141023,732554.4311326388
20141024,731379.5503854513
20141025,733115.4437873277
20141026,732333.1767359071
20141027,731757.3645090075
20141028,732561.1499921759
20141029,732708.0407603376
20141030,731774.9462195493
20141031,733578.849043268
20141101,723436.9110886718
20141102,722821.8175982798
20141103,723269.1875970918
20141104,723390.5651199465
20141105,724029.1509694922
20141106,724079.4771881946
20141107,723627.3984982293
20141108,722857.5266684624
20141109,723260.7517734058
20141110,724476.076507673
20141111,724362.5793427211
20141112,722787.8698982298
20141113,723537.8037801173
20141114,725140.1056470243
20141115,724351.3397492028
20141116,723526.3259061289
20141117,722507.3384935767
20141118,723884.477911872
20141119,723592.894496245
20141120,725048.9261530123
20141121,723600.8653558866
20141122,723463.1636718365
20141123,722774.9649242351
20141124,722780.1560255783
20141125,723372.5992745988
20141126,724682.3976062983
20141127,722514.7922854146
20141128,724248.7631035595
20141129,724057.5727631849
20141130,723970.3056754706
20141201,761927.3806790344
20141202,762330.5197828071
20141203,762662.5850126254
20141204,762675.2495758542
20141205,763102.4457435263
20141206,762453.6907829256
20141207,762227.537733406
20141208,762829.9954230676
20141209,763128.2595109134
20141210,762976.7983137494
20141211,763200.4652629837
20141212,763328.8237131562
20141213,762049.6092237494
20141214,762455.3535634105
20141215,760804.6907737689
20141216,761852.2702810678
20141217,762378.151563629
20141218,762735.6557604857
20141219,763326.2420708546
20141220,763498.1573998224
20141221,764250.2116521175
20141222,763800.7202131371
20141223,761804.5695927066
20141224,762897.6161212313
20141225,762865.984533403
20141226,761836.8154601806
20141227,762595.8613631964
20141228,761495.5001115039
20141229,762521.8643861904
20141230,760229.2196802608
20141231,762543.207628495
20150101,846155.6477335108
20150102,847424.0732217754
20150103,844424.797686001
20150104,845189.6042761721
20150105,845933.1796416808
20150106,845033.8461872465
20150107,848281.7082484062
20150108,847898.7702342854
20150109,845617.9772737306
20150110,847189.6441612777
20150111,846804.1996781543
20150112,846684.9179292795
20150113,848103.0194906367
20150114,847091.839249442
20150115,848382.6756813071
20150116,848686.8367510495
20150117,848728.3113534424
20150118,848048.9801561281
20150119,846687.7095425056
20150120,846156.8865034218
20150121,847409.3812152355
20150122,847811.2096289917
20150123,847015.3952944729
20150124,846606.8027428854
20150125,848109.3598430512
20150126,847520.8410065817
20150127,847346.0793891251
20150128,848250.7748425722
20150129,847667.7949867927
20150130,847050.675248307
20150131,846033.9371901442
20150201,805856.4706059404
20150202,805433.9680325538
20150203,805759.5000848289
20150204,805488.2926616913
20150205,806104.0137740229
20150206,805717.5052371412
20150207,806644.6270157985
20150208,807317.4763243356
20150209,808436.3725662091
20150210,804810.3035556361
20150211,808399.1764852782
20150212,805289.6907440212
20150213,806668.7009228017
20150214,804545.2450329539
20150215,806245.5352866502
20150216,805648.0974225153
20150217,806887.0353504847
20150218,806105.8785541746
20150219,804665.5016374463
20150220,805307.8641886354
20150221,805628.4123381219
20150222,806358.1437839041
20150223,805083.8667122058
20150224,805032.9072746387
20150225,805174.8491582996
20150226,805078.3029522477
20150227,806260.616267397
20150228,807716.1952821553
20150301,775769.5911909337
20150302,777425.8395625649
20150303,775421.9880027487
20150304,775136.6853698102
20150305,776511.6578686987
20150306,775700.9883753337
20150307,775723.1801009978
20150308,775288.6626271055
20150309,775370.1434679986
20150310,776472.944784053
20150311,774678.3022552497
20150312,775697.6360939734
20150313,776509.0941167836
20150314,775528.2698360649
20150315,774996.0420435141
20150316,776805.6365894265
20150317,776937.647963044
20150318,775656.4542431886
20150319,776157.1544592283
20150320,774812.0609041513
20150321,774994.8772000442
20150322,775512.589173024
20150323,775798.1368199895
20150324,774590.7904144516
20150325,775503.1553629398
20150326,775774.7470757064
20150327,777272.9639858928
20150328,775515.3193424094
20150329,774841.506315467
20150330,776197.2707500645
20150331,775357.8691576318
20150401,748507.6239718231
20150402,749335.6050002028
20150403,750184.2517164294
20150404,749309.7516828337
20150405,748554.3119224438
20150406,750536.6136654018
20150407,749060.1008801941
20150408,750489.302104302
20150409,749724.8311436858
20150410,750849.0715588892
20150411,750485.8727335628
20150412,751329.5963233017
20150413,750283.6925385679
20150414,749285.0254741556
20150415,750304.4850418441
20150416,747681.461200851
20150417,749220.1014906161
20150418,750237.9562589382
20150419,750451.6274837443
20150420,749407.0645230646
20150421,748603.3263320873
20150422,747008.7635056918
20150423,749325.7199385534
20150424,750026.4354214773
20150425,748442.2852008169
20150426,748826.700989047
20150427,751116.6116396002
20150428,750408.1480205061
20150429,747643.8101532661
20150430,748299.883709745
20150501,741051.2014032227
20150502,741408.9461725645
20150503,742036.4845206747
20150504,740244.5734776427
20150505,741315.4958169028
20150506,741100.6528350502
20150507,741823.3812609243
20150508,740523.0138697374
20150509,741691.4371973553
20150510,741201.7587316639
20150511,740075.0340867352
20150512,740598.3832584078
20150513,741615.3037909346
20150514,740668.5381798265
20150515,742055.8386707414
20150516,739697.0263007032
20150517,741957.902227002
20150518,740582.3596721662
20150519,740334.1900526428
20150520,740720.3556702143
20150521,739880.6991724372
20150522,739712.3522149051
20150523,742638.9816589516
20150524,742242.2230996648
20150525,740931.9069271779
20150526,741499.0557039559
20150527,741027.0840445154
20150528,741035.3401131778
20150529,741024.8817256745
20150530,741020.3418364465
20150531,741770.3405937067
20150601,716564.4065579083
20150602,716069.579084456
20150603,717476.2153679453
20150604,716731.7665810183
20150605,717095.4870495722
20150606,717631.1728971777
20150607,717766.5673622048
20150608,716335.3884573719
20150609,717505.8673069376
20150610,718182.0655076547
20150611,717989.2414548101
20150612,716391.2672114754
20150613,717288.9676926107
20150614,716240.1596633419
20150615,717638.5903640616
20150616,717878.979472695
20150617,716570.2376082406
20150618,718766.3707152238
20150619,717505.388403411
20150620,717190.6051943244
20150621,716588.2662956174
20150622,717206.17365057
20150623,717581.0372878128
20150624,717641.3601080831
20150625,717180.1389357668
20150626,716501.8689498268
20150627,717291.1925187159
20150628,717261.4947031935
20150629,717104.2998009833
20150630,717215.8337198319
20150701,725995.3071158743
20150702,725657.968169749
20150703,726743.4951733826
20150704,725922.3537841139
20150705,726913.703016636
20150706,725700.6253014931
20150707,725397.8997971204
20150708,727395.0955532409
20150709,727410.4429078078
20150710,727400.873298299
20150711,725535.8706929447
20150712,726643.6208227334
20150713,726645.8042155998
20150714,726986.3985111415
20150715,725562.2705996032
20150716,726157.6388960239
20150717,725993.1625897954
20150718,725740.3092824152
20150719,727473.4666509326
20150720,725509.191102953
20150721,725500.4573066558
20150722,725838.545108341
20150723,724611.1217910956
20150724,727094.84524572
20150725,724819.2705836976
20150726,727018.9594775678
20150727,726065.6766780543
20150728,726281.284708159
20150729,725095.2324114799
20150730,726272.6314957144
20150731,725093.5190954156
20150801,776041.4029660345
20150802,775188.189217184
20150803,774850.3913260247
20150804,777082.5269643047
20150805,775239.12440225
20150806,774284.2113743785
20150807,776848.053884203
20150808,775595.1597458327
20150809,774753.251976909
20150810,775938.7022166117
20150811,776374.1141561288
20150812,776017.1679556401
20150813,776456.9918044647
20150814,775375.5690767181
20150815,775065.2184952492
20150816,775771.5131630098
20150817,775531.1256474783
20150818,776233.9114572823
20150819,775398.7322417886
20150820,775808.2833123466
20150821,774442.176977746
20150822,776073.0399264627
20150823,776976.3954438881
20150824,774838.4193690213
20150825,775649.075135485
20150826,777461.2638449905
20150827,775939.6073876639
20150828,775636.3033294277
20150829,775604.4640988889
20150830,776018.1323592758
20150831,776347.0011479186
20150901,805844.5783674885
20150902,805718.4130787824
20150903,806444.2773301007
20150904,805908.5665521311
20150905,805194.3304057359
20150906,804714.9977209612
20150907,806079.907649306
20150908,806903.4934833752
20150909,805242.1582575762
20150910,807142.5945259674
20150911,804881.990106688
20150912,806436.175854834
20150913,806242.239672941
20150914,805077.7915721454
20150915,806364.9066213827
20150916,806508.0349187703
20150917,806907.5826544879
20150918,804609.5030996387
20150919,804789.8480128209
20150920,805826.3863792456
20150921,807724.606222258
20150922,806770.4195572996
20150923,806779.8656276332
20150924,805859.4865361126
20150925,805090.9520420152
20150926,808111.0378052772
20150927,806332.1775326274
20150928,806436.2643750221
20150929,805449.043893308
20150930,805604.2013176527
20151001,732214.897027675
20151002,732723.5367260752
20151003,732008.9715446414
20151004,731410.1095639435
20151005,731854.6466206429
20151006,732684.2636146685
20151007,732163.4455380943
20151008,733999.6955965924
20151009,732834.5803743568
20151010,731818.3605882609
20151011,731597.8569386941
20151012,732618.0943512706
20151013,733478.8386069497
20151014,733584.1247931638
20151015,732595.3917617009
20151016,731736.3505343284
20151017,731801.5785115208
20151018,731810.6729550739
20151019,733165.692331226
20151020,732070.6149703745
20151021,733242.5545237254
20151022,732442.0757843019
20151023,730931.8301006305
20151024,730521.7296097993
20151025,732569.1199757229
20151026,734179.0710202255
20151027,733292.133101303
20151028,732951.785070926
20151029,733308.8714900604
20151030,731150.3153374869
20151031,732726.3871552298
20151101,723529.564909011
20151102,723392.725981824
20151103,723945.555419594
20151104,724816.4560548258
20151105,724012.0976630406
20151106,724726.8314944974
20151107,723696.871988278
20151108,723663.9743716454
20151109,723034.5336208246
20151110,723778.3669346666
20151111,723740.1102932476
20151112,725274.716513281
20151113,723270.695975311
20151114,723563.6916488501
20151115,723915.6056888526
20151116,723365.6964019432
20151117,722302.1817230069
20151118,723176.9814032458
20151119,724355.9067805577
20151120,724042.865617557
20151121,722485.2976581756
20151122,724925.2936353957
20151123,724853.6913223008
20151124,722909.9038454777
20151125,722050.9857930598
20151126,724223.5687494456
20151127,723255.4597955839
20151128,723598.6869662678
20151129,721962.0300257821
20151130,723880.158586539
20151201,762077.8310970429
20151202,761775.432028899
20151203,763772.7840974142
20151204,762376.1468754252
20151205,762972.473931328
20151206,762886.9151759824
20151207,762483.6430820476
20151208,763339.1354465099
20151209,762268.6099821817
20151210,763056.3219167225
20151211,761966.7596298005
20151212,763651.8968603101
20151213,762531.4693706954
20151214,763636.7434717739
20151215,761588.8217536483
20151216,762746.2207029968
20151217,761418.7405616918
20151218,763539.663906039
20151219,762689.0750443521
20151220,761658.0847623384
20151221,763681.8820203893
20151222,762352.3450056434
20151223,762743.1378084645
20151224,762401.9857820306
20151225,762712.0015709723
20151226,762205.257565936
20151227,763549.9121752805
20151228,763186.8866950296
20151229,763543.6120120407
20151230,762493.3507272647
20151231,762469.3564750294
20160101,847857.7065362066
20160102,847771.7400578953
20160103,846904.714894997
20160104,846640.937027014
20160105,846232.8647619449
20160106,848616.993599149
20160107,847557.1626310248
20160108,848250.8418776493
20160109,848118.1992420063
20160110,847529.5777499934
20160111,848847.7957155217
20160112,846525.3070254324
20160113,847070.527831759
20160114,846174.2537733509
20160115,847050.5958879949
20160116,846842.7503650796
20160117,846032.7399026543
20160118,846355.8649121475
20160119,847194.245074204
20160120,847531.2786838388
20160121,847466.1462804687
20160122,847367.9906593212
20160123,846359.3105421687
20160124,848131.562404092
20160125,845190.6916657609
20160126,847805.1920212628
20160127,847770.7583111405
20160128,845955.4457710419
20160129,848038.61810156
20160130,847026.9468838031
20160131,846440.2744319892
20160201,805671.5400320299
20160202,805055.2407152813
20160203,805629.469671985
20160204,808119.9359745063
20160205,805314.24572674
20160206,805367.8388098252
20160207,804990.973796302
20160208,806002.0096320646
20160209,807063.6566196702
20160210,806873.7149987187
20160211,806186.3336046381
20160212,807105.3486521285
20160213,806330.3033687384
20160214,805995.8879750037
20160215,805013.6688359071
20160216,806143.2444270005
20160217,806166.1636640122
20160218,805409.4696744103
20160219,805353.015431043
20160220,805449.6189201229
20160221,805334.6192855842
20160222,806730.7655004493
20160223,804913.8226598578
20160224,805347.9498607034
20160225,806984.1903105224
20160226,804930.469025429
20160227,804803.9357213351
20160228,807332.6535208547
20160229,805402.4999842409
20160301,776329.3709271232
20160302,777281.6460105951
20160303,775698.2277015736
20160304,774843.1629465702
20160305,776209.128165769
20160306,774908.1847913164
20160307,775703.7318289089
20160308,775386.0345436529
20160309,777881.3128649769
20160310,774799.55109458
20160311,775918.6406019176
20160312,775058.6922116972
20160313,775342.1606392217
20160314,775968.2269752249
20160315,776924.4744585212
20160316,775888.4605540548
20160317,776267.1680173589
20160318,776247.0347959627
20160319,776566.9283535394
20160320,775956.9998855043
20160321,776014.9063185197
20160322,776013.260057144
20160323,776218.0233940647
20160324,776198.1017130447
20160325,774802.6938319942
20160326,775812.9461541453
20160327,774891.9177003311
20160328,774729.6869438083
20160329,775406.778618422
20160330,773511.4717268217
20160331,775791.2669268482
20160401,748205.0548519114
20160402,750356.7628246716
20160403,750678.2967965598
20160404,750352.7598003675
20160405,748615.5710956468
20160406,750288.5217603324
20160407,749138.7776706213
20160408,748277.2945717755
20160409,750508.1528350946
20160410,750310.5242457716
20160411,751712.3696167145
20160412,749192.2797278829
20160413,749658.9909298889
20160414,749821.2647902351
20160415,750836.1169581705
20160416,752197.5258521325
20160417,749171.8749136908
20160418,748398.8613411871
20160419,750570.7445108243
20160420,750374.6329341251
20160421,749173.0128909848
20160422,749642.1899362848
20160423,749765.5653014414
20160424,750293.319847257
20160425,750478.488076694
20160426,749091.0798388444
20160427,751101.463357413
20160428,749144.3727724488
20160429,749816.92597973
20160430,751503.4362831566
20160501,741075.52685136
20160502,742131.3175420729
20160503,739175.3550971393
20160504,742245.6104953084
20160505,738245.8662668138
20160506,740651.0863072551
20160507,740192.9832049093
20160508,741149.9526282044
20160509,741291.5806965689
20160510,740652.0887456385
20160511,739660.8101475011
20160512,740593.3141971042
20160513,742173.2635532558
20160514,742611.4671486483
20160515,741609.2813461294
20160516,741745.5253053908
20160517,741988.6762110223
20160518,741575.0113071344
20160519,740529.9363706375
20160520,740019.4983447603
20160521,740289.0991864838
20160522,741618.3759024653
20160523,741647.1963938717
20160524,741411.7076457643
20160525,740660.0502613753
20160526,742356.576786305
20160527,741502.2102083848
20160528,741543.5474866953
20160529,740673.0794352039
20160530,740362.9547936268
20160531,739865.0002906038
20160601,717699.047294262
20160602,717298.1146427772
20160603,717719.1706641576
20160604,718554.5257213567
20160605,716449.501284457
20160606,718771.7874727605
20160607,717718.2531588533
20160608,718177.902375816
20160609,716329.2851953858
20160610,718345.0442648862
20160611,717942.8912342928
20160612,716754.2627776609
20160613,717691.2688124346
20160614,717243.3777348258
20160615,717632.479368902
20160616,718067.888443232
20160617,718689.6177158796
20160618,716808.1174353609
20160619,718079.5371795243
20160620,718623.3516969866
20160621,716622.900168966
20160622,718257.3756347531
20160623,717618.4096770956
20160624,718190.462245896
20160625,718561.4789554348
20160626,717692.1883934697
20160627,717596.0358368914
20160628,719750.2890797793
20160629,716596.447433637
20160630,716645.0728370012
20160701,725686.3126406885
20160702,724724.8914509689
20160703,727019.0716783212
20160704,726017.4735607242
20160705,725409.9261359972
20160706,727298.2940308725
20160707,726201.0520402887
20160708,726249.1519402802
20160709,725895.1312353177
20160710,726988.9908847157
20160711,725740.5437795272
20160712,726387.1201390863
20160713,726536.2584765857
20160714,725642.3138667323
20160715,725239.9491788493
20160716,725566.6459959357
20160717,726674.3529152311
20160718,726596.8063894475
20160719,725979.1435439567
20160720,726503.5538430051
20160721,727790.2512251873
20160722,726692.9817938048
20160723,725782.558419624
20160724,724838.4896096218
20160725,726126.1170190807
20160726,726391.9295937463
20160727,724484.1303309901
20160728,726281.8829413225
20160729,726262.7021840737
20160730,725695.3260222373
20160731,726612.1388893255
20160801,774350.437677121
20160802,774528.4284446437
20160803,774402.5756588831
20160804,775753.9906157053
20160805,776359.803168722
20160806,776510.3309813574
20160807,777396.023778816
20160808,776558.5440681137
20160809,774866.2836757447
20160810,776944.1934841956
20160811,776631.396847105
20160812,776761.5189801691
20160813,775435.9188307618
20160814,774693.5657285894
20160815,777899.5800743973
20160816,775283.5586368534
20160817,775317.808582179
20160818,774404.4334442078
20160819,776130.7350639517
20160820,775310.3322606523
20160821,776638.4457855222
20160822,776824.2861506006
20160823,776097.1379701478
20160824,774639.6977439865
20160825,775127.8924523848
20160826,775723.1606559384
20160827,775694.9846813603
20160828,775602.2573961427
20160829,777848.8911923484
20160830,774699.7539178699
20160831,775380.8448271384
20160901,804806.2539692234
20160902,806066.8489780483
20160903,807265.5132023338
20160904,806841.4716817472
20160905,806221.0716503676
20160906,807738.320456277
20160907,807285.7597291311
20160908,806819.1878728993
20160909,804370.6905997265
20160910,805003.666489774
20160911,805729.5485224136
20160912,805715.7764199652
20160913,807031.7178426116
20160914,806826.4299861048
20160915,806648.4695001831
20160916,806940.4006865671
20160917,806973.805049707
20160918,808539.8530576393
20160919,804587.7056380375
20160920,805597.1220940263
20160921,806280.4557498841
20160922,806889.6329801414
20160923,806003.281423361
20160924,805495.0438643931
20160925,806149.5869013609
20160926,806575.3614556035
20160927,806757.9798231163
20160928,806866.140688803
20160929,806649.4897461793
20160930,805564.7806754687
20161001,733222.6819666885
20161002,730405.4799947814
20161003,733942.6581082816
20161004,732926.8708395989
20161005,732953.6201940039
20161006,732901.6916326273
20161007,732793.6279903593
20161008,731769.3614721029
20161009,733421.1665574888
20161010,732545.3198897581
20161011,733510.2832347604
20161012,732225.1935488024
20161013,733636.5826214671
20161014,732556.9773639297
20161015,732579.2044689147
20161016,731670.8383392494
20161017,732551.059684295
20161018,733297.8354506987
20161019,732381.065415546
20161020,730284.2742948544
20161021,731583.0239401057
20161022,732056.8926662757
20161023,732743.4855066693
20161024,733801.4371042371
20161025,733022.1311424021
20161026,732692.4862323137
20161027,732826.4581574537
20161028,732006.2563480025
20161029,732644.6370862128
20161030,731697.2870260882
20161031,731583.533426493
20161101,723781.4752518338
20161102,723112.5589300836
20161103,724916.7172938318
20161104,723715.6052869596
20161105,722965.1934706311
20161106,724830.5462019428
20161107,723708.767164362
20161108,722353.4972689088
20161109,724994.2826126047
20161110,723659.9821526216
20161111,724997.6476792296
20161112,725019.2203980947
20161113,723943.2988459514
20161114,725024.0749378382
20161115,722449.3068484749
20161116,723562.0712295235
20161117,724873.1764630916
20161118,723788.416263186
20161119,724416.4422766315
20161120,725519.0249946412
20161121,724017.4489894096
20161122,723928.0659361373
20161123,723894.22185628
20161124,723305.9841364776
20161125,723161.1059649197
20161126,723439.998108597
20161127,724739.5502704615
20161128,723143.6356844377
20161129,722994.6153433234
20161130,722555.4936293588
20161201,763975.7983930118
20161202,762284.3965611982
20161203,763653.1382586048
20161204,761178.5830170033
20161205,762455.9774456975
20161206,762850.8453584863
20161207,763184.0669114902
20161208,763151.5460275962
20161209,763698.5056013368
20161210,764024.8969254938
20161211,764392.9043573883
20161212,762258.3309232878
20161213,762060.80544247
20161214,763405.01020636
20161215,764444.3202825892
20161216,762904.5262078183
20161217,763457.2224637185
20161218,762285.0521320896
20161219,762458.5345981959
20161220,762383.8519598
20161221,762354.8545069377
20161222,762202.5630346547
20161223,762324.6266655948
20161224,761307.177121971
20161225,763284.9614999476
20161226,762290.2313540028
20161227,763028.5131442684
20161228,762809.654156423
20161229,760702.3870833549
20161230,764281.7862926052
20161231,762452.5476038121
20170101,849379.7532030371
20170102,845467.3272532054
20170103,845765.2001775205
20170104,847325.1853010884
20170105,847647.210469418
20170106,847158.8664323735
20170107,845796.4325270645
20170108,846786.1573329323
20170109,847793.6535936889
20170110,848492.716630419
20170111,848143.418818135
20170112,849470.817109044
20170113,848049.8504434284
20170114,847252.0756764679
20170115,846267.0617843386
20170116,847473.5260879803
20170117,846499.5266213082
20170118,849672.5132777708
20170119,846337.2607190087
20170120,848109.5008334641
20170121,846983.9670300689
20170122,845848.433990566
20170123,849575.9022729273
20170124,846427.8205194665
20170125,847185.8653857785
20170126,847083.2959662665
20170127,846436.6682664261
20170128,845903.3483431585
20170129,847064.2124996012
20170130,848164.9431841082
20170131,848047.3585563031
20170201,806213.9461906524
20170202,805944.7313416009
20170203,807510.5663319787
20170204,806091.3742901662
20170205,803553.1220394076
20170206,806534.3377789515
20170207,805183.5734980364
20170208,804214.2354096137
20170209,804886.7919305566
20170210,805811.9935678877
20170211,805586.3363378044
20170212,807296.4872234095
20170213,805788.4269552174
20170214,806496.3902450564
20170215,804495.4469298605
20170216,806942.6623937916
20170217,806637.2125879821
20170218,805327.6280664616
20170219,805629.9450663475
20170220,806637.5960330425
20170221,807157.3491670843
20170222,805458.539438105
20170223,806420.3150256291
20170224,805600.0533988861
20170225,805656.7946613749
20170226,804552.055625321
20170227,805631.1359950957
20170228,806128.6438185904
20170301,776905.2351275496
20170302,775902.2509904673
20170303,776241.572914281
20170304,775400.6153053383
20170305,775995.8428621765
20170306,775253.6929869665
20170307,776660.8522821143
20170308,776759.4352601698
20170309,774221.4992318933
20170310,775806.6807107496
20170311,774744.969729645
20170312,774202.6585593219
20170313,776579.311855166
20170314,774998.546378964
20170315,775503.5479152091
20170316,776981.7343014715
20170317,776533.5245757414
20170318,775729.5995621692
20170319,775192.478927965
20170320,775867.0653185992
20170321,775488.2693230031
20170322,775249.5361589835
20170323,777183.07565928
20170324,777636.8198381088
20170325,777050.0501132709
20170326,775530.6898268112
20170327,775871.7099008231
20170328,775889.3587323944
20170329,774997.2517570881
20170330,776790.7478046387
20170331,775923.6745259599
20170401,749918.4734630209
20170402,747927.805106895
20170403,748830.7979318012
20170404,750659.274407545
20170405,749230.1709430219
20170406,750589.5969871138
20170407,749959.6276749808
20170408,750475.6091047362
20170409,750422.4201421408
20170410,749948.9692376863
20170411,749776.0864352598
20170412,749140.3577025865
20170413,749632.3641264874
20170414,749496.6826248456
20170415,749134.1399093115
20170416,750907.6970300681
20170417,750085.5933068105
20170418,750332.6570928246
20170419,751131.3907110463
20170420,748202.3706142982
20170421,751122.7695176924
20170422,749341.4201454135
20170423,749602.780137586
20170424,749063.67118711
20170425,748397.322277359
20170426,747433.6063876784
20170427,750025.9116359812
20170428,749070.7464685182
20170429,749232.0888993168
20170430,750745.2758367485
20170501,741635.9573566056
20170502,739496.4958949186
20170503,741238.7731248232
20170504,741265.8299321688
20170505,739531.3474922078
20170506,740656.0552528659
20170507,741881.55164799
20170508,740269.174551754
20170509,740243.187873644
20170510,740161.7691841412
20170511,740982.5649166505
20170512,741334.3409126168
20170513,741687.4802801777
20170514,741041.2509371004
20170515,740424.1547454004
20170516,740942.6296969259
20170517,741602.6867263403
20170518,740303.8364681385
20170519,741824.7362661646
20170520,741711.8891133883
20170521,740629.6121288489
20170522,741519.0537220545
20170523,741651.8986296785
20170524,741015.6609701683
20170525,740323.2653974978
20170526,742667.765842824
20170527,741003.4124762933
20170528,740653.5539804611
20170529,739564.9721202966
20170530,740250.1540983482
20170531,742146.4648341608
20170601,717760.1022523372
20170602,717185.6722814738
20170603,718919.0065590108
20170604,719675.8792757742
20170605,717753.9548157117
20170606,716413.3170995786
20170607,717285.0659811252
20170608,716493.6429277192
20170609,716799.1196835862
20170610,719098.1495965923
20170611,716994.8049594406
20170612,717815.21259222
20170613,716005.2903916131
20170614,716801.2318106937
20170615,718122.8992573046
20170616,717382.2467411717
20170617,716619.656670604
20170618,719140.2604971841
20170619,716290.115216363
20170620,718779.3846697566
20170621,716058.0541424135
20170622,717854.1911277795
20170623,715609.5863316543
20170624,716768.3412007507
20170625,717579.0879585042
20170626,718109.7598601861
20170627,717644.6377660512
20170628,717120.4312276836
20170629,716994.0119215429
20170630,717372.8890774285
20170701,725068.6127334656
20170702,726067.7097648026
20170703,725596.3872749561
20170704,726902.3469674973
20170705,725625.4162188761
20170706,726246.3778435865
20170707,725880.7643598174
20170708,727528.3322450317
20170709,726390.6989681547
20170710,725754.7825760611
20170711,725519.754496418
20170712,725524.8015654943
20170713,726223.4992834764
20170714,727120.2844734221
20170715,726452.5912146319
20170716,726391.5300738792
20170717,724793.4047162303
20170718,726902.680863413
20170719,725286.2276743286
20170720,727374.5701864855
20170721,725770.5926001248
20170722,726491.3961200368
20170723,726786.8109087024
20170724,727016.6736463694
20170725,726598.7773716176
20170726,727006.4700257345
20170727,726034.5106496665
20170728,724903.2843126567
20170729,726339.03400487
20170730,725654.6734712847
20170731,726355.1135498123
20170801,776309.0289806373
20170802,774558.9662669402
20170803,776817.7197601664
20170804,776031.344256433
20170805,774717.2794590738
20170806,776817.8600206829
20170807,776559.7583708751
20170808,775035.1062057597
20170809,775191.626043121
20170810,774758.592025538
20170811,775024.256578202
20170812,776402.9259308246
20170813,775368.2490654918
20170814,775630.0364886275
20170815,774562.2675941128
20170816,774135.9970366004
20170817,776404.6962712072
20170818,775951.3096745553
20170819,776590.3313990212
20170820,775827.8136555487
20170821,775384.4490543314
20170822,777433.2895845841
20170823,775935.8482045531
20170824,774590.2242456048
20170825,774908.5093932464
20170826,775104.5217960053
20170827,775582.5680211654
20170828,775434.5825721921
20170829,775988.6234464339
20170830,776036.7816286014
20170831,776859.4193366424
20170901,807296.4347825835
20170902,805060.0283135539
20170903,806146.8338773261
20170904,806540.0205282421
20170905,806480.8785519915
20170906,806978.5524497663
20170907,806096.7469152281
20170908,806985.5755995446
20170909,804029.7237341437
20170910,807750.6387321597
20170911,804216.3705720678
20170912,803806.8703101156
20170913,804897.4319866871
20170914,805495.8038856243
20170915,806515.9954148692
20170916,806133.9251447276
20170917,805977.1470371439
20170918,806208.1299102609
20170919,804869.2646082314
20170920,806204.240588727
20170921,806846.9394996404
20170922,807071.5571202225
20170923,807699.9864732644
20170924,805192.0524763284
20170925,807942.066323117
20170926,806129.0496699408
20170927,804485.7577053843
20170928,803874.6872833002
20170929,806718.50461962
20170930,805825.2054890799
20171001,731329.1623864666
20171002,732682.1683879434
20171003,733873.8563362267
20171004,732575.0740909155
20171005,731718.1700956173
20171006,733770.587897592
20171007,731828.0950302151
20171008,732118.74121075
20171009,732101.5335639477
20171010,733561.851526474
20171011,731773.2773918073
20171012,731874.7491759992
20171013,733055.1117933728
20171014,730433.7040020324
20171015,732960.7596733219
20171016,730287.1628920244
20171017,731583.2125060323
20171018,731971.1075959617
20171019,733655.6516087654
20171020,730571.8852769956
20171021,734318.0763532034
20171022,731944.6948288807
20171023,732150.2424371097
20171024,732242.2053856814
20171025,732895.5429545608
20171026,732235.0498366432
20171027,732669.795262416
20171028,731909.4540901991
20171029,731917.0585364655
20171030,733072.3876031399
20171031,732676.6292195823
20171101,723073.7084503316
20171102,723562.7272785845
20171103,722660.7275740919
20171104,725172.244999535
20171105,724219.6354240314
20171106,722770.6784544978
20171107,723876.331890457
20171108,722618.3592464802
20171109,722702.3762357591
20171110,723959.4328999035
20171111,724895.4888114651
20171112,724868.1258159
20171113,723141.9575632868
20171114,722997.3398312995
20171115,724586.1662268471
20171116,724560.5216027802
20171117,723620.7801725029
20171118,724076.2132527442
20171119,723642.1104720989
20171120,723516.6756462136
20171121,723255.3619117431
20171122,723347.0148823172
20171123,723256.4442888953
20171124,722695.7295116779
20171125,723341.7033056439
20171126,723844.8855293742
20171127,726017.5797404271
20171128,724855.3897510335
20171129,723289.967347739
20171130,723715.9246478071
20171201,762476.2646895477
20171202,761861.5231661443
20171203,763919.8255730509
20171204,762294.1369432237
20171205,762667.6464137331
20171206,762670.6645600259
20171207,763969.7670089228
20171208,762926.6370176969
20171209,762923.6554177414
20171210,762791.94982917
20171211,761820.5208373397
20171212,763972.034325151
20171213,764145.3291029083
20171214,761652.9397875877
20171215,762307.895150494
20171216,762466.7272214155
20171217,761811.9059032779
20171218,764252.8118395337
20171219,763363.080785186
20171220,762370.2742766304
20171221,764139.2563750898
20171222,761972.071241528
20171223,762140.727918369
20171224,761552.0392816993
20171225,763300.9896406586
20171226,760900.1573347974
20171227,762427.5106591963
20171228,764414.7271523076
20171229,761359.0398306323
20171230,762891.6684873033
20171231,763473.458660227
20180101,846926.7731515166
20180102,848059.7937456692
20180103,845448.5436539074
20180104,846345.1950103045
20180105,847464.8865999589
20180106,845724.817317414
20180107,846560.5667153519
20180108,848467.357457053
20180109,846885.0431118312
20180110,848456.499369906
20180111,846835.5685915861
20180112,845904.5897527967
20180113,848276.5960554474
20180114,846518.4269605837
20180115,848350.0249188691
20180116,847193.8884109242
20180117,847251.5936944002
20180118,848939.6388153676
20180119,847116.5640020906
20180120,846614.5035415859
20180121,848277.905142358
20180122,848322.2313702694
20180123,847818.5107952943
20180124,847276.4944655567
20180125,846627.243854206
20180126,846742.1694020849
20180127,849386.2112927012
20180128,846727.4515938831
20180129,846529.1411836639
20180130,845957.0007302626
20180131,848671.0747971334
20180201,805684.6280230342
20180202,806126.2615026828
20180203,803798.3135078176
20180204,804985.3064375527
20180205,804545.5818917345
20180206,806696.8457386262
20180207,805819.7822558893
20180208,805554.6830977898
20180209,805223.4701954117
20180210,805412.8321340312
20180211,806305.4913081181
20180212,807096.060221711
20180213,806901.6241501808
20180214,807180.334279091
20180215,807371.4273064181
20180216,806300.1764594445
20180217,806271.9093381586
20180218,805463.2597567961
20180219,807854.888181211
20180220,805871.4967014124
20180221,806668.2474140909
20180222,806531.5614260539
20180223,804710.1167134941
20180224,806436.4067061282
20180225,804832.7414851367
20180226,806407.3858375076
20180227,803374.9277543896
20180228,805125.1457114348
20180301,779072.123962678
20180302,775562.2347865218
20180303,777493.4354391953
20180304,775475.2257823737
20180305,775616.3664365332
20180306,775583.0606491588
20180307,775739.6939665459
20180308,776692.0872238361
20180309,777311.5434010273
20180310,776189.2156619991
20180311,775212.5015743874
20180312,773993.8785452251
20180313,775711.6932811062
20180314,777659.0832334041
20180315,777695.1325006709
20180316,775253.309847784
20180317,775927.5557750711
20180318,776072.1703808059
20180319,776602.6009388823
20180320,775993.4811873592
20180321,774809.8575652761
20180322,775226.7884799388
20180323,775775.858586488
20180324,774660.6048033128
20180325,776370.2950770382
20180326,776884.5510714566
20180327,776044.5453083873
20180328,775117.0239866188
20180329,774176.8991920704
20180330,774416.4765780711
20180331,776143.396692333
20180401,749940.5227553407
20180402,749323.7650446444
20180403,749787.6778082987
20180404,749702.2220246044
20180405,747866.2961994252
20180406,750420.11961412
20180407,749191.7935236102
20180408,749539.4164318655
20180409,748248.0386377273
20180410,750345.6877989571
20180411,748518.8131660239
20180412,751060.2431099415
20180413,749440.7818446066
20180414,748108.0629491431
20180415,749840.5334106592
20180416,748469.1482794433
20180417,749932.671607254
20180418,749401.7242507357
20180419,750288.4518521904
20180420,748517.2241082697
20180421,750978.5999781778
20180422,748194.5269969502
20180423,750492.4442272246
20180424,748890.730608605
20180425,749629.6889499492
20180426,750670.624131974
20180427,749730.8572722344
20180428,750284.5003387299
20180429,750912.375990386
20180430,750653.2385933958
20180501,742195.2228326693
20180502,741331.2323932739
20180503,741150.9343471734
20180504,741908.0974034191
20180505,740142.4084196497
20180506,741259.941921747
20180507,739738.6580344114
20180508,740727.2742109741
20180509,742118.061457325
20180510,742289.5407916823
20180511,739701.802074618
20180512,740510.54073064
20180513,741714.7435511454
20180514,740512.3048969541
20180515,742251.6803341435
20180516,741299.7059298707
20180517,739825.9323448399
20180518,740361.0463097856
20180519,740829.2762118219
20180520,742350.3517663074
20180521,741661.7125522174
20180522,739796.2703392325
20180523,740918.0728521091
20180524,740148.7628796599
20180525,741726.9213648154
20180526,740733.4373302049
20180527,741191.4490207622
20180528,742520.0395758139
20180529,740567.4636174443
20180530,741834.6749176477
20180531,742153.0992543948
20180601,717584.3452842289
20180602,717336.8842772148
20180603,715574.4160245375
20180604,718284.1025510661
20180605,716761.364046188
20180606,717713.2599709677
20180607,716736.0529644059
20180608,716942.5856053545
20180609,717587.0989377149
20180610,717893.2809349726
20180611,717212.7135208431
20180612,717172.946542395
20180613,717663.4164791893
20180614,716755.689311644
20180615,717282.1506584183
20180616,717147.4201013852
20180617,717796.9562102545
20180618,717279.2918030845
20180619,716398.7959231753
20180620,715254.2866145985
20180621,716532.4488498514
20180622,716862.4354035483
20180623,716679.6865319969
20180624,716391.7461632953
20180625,717371.6448021407
20180626,716621.9302756835
20180627,716724.0740991177
20180628,718245.14060865
20180629,717961.0487976978
20180630,716481.8040982488
20180701,727333.8553350095
20180702,724317.2626334684
20180703,724801.29882645
20180704,724505.1674325529
20180705,726508.5916482704
20180706,724831.9044065572
20180707,726626.0187283378
20180708,726400.2863362298
20180709,726710.2642136035
20180710,726071.9078071415
20180711,725721.001074306
20180712,724937.4042261016
20180713,726127.9111285182
20180714,725267.4722655868
20180715,724689.9020812091
20180716,726635.919070005
20180717,723294.0350277404
20180718,726141.206568678
20180719,726396.5794568639
20180720,724562.1006917147
20180721,726847.0394728326
20180722,724993.7293221492
20180723,725787.9514476473
20180724,725540.906136882
20180725,725430.6077550383
20180726,726313.1238225129
20180727,725555.9233554564
20180728,726301.0833364563
20180729,724489.3617174993
20180730,724732.3393838294
20180731,724649.2553462426
20180801,775724.7910951765
20180802,778092.0787842228
20180803,774799.5438611496
20180804,775047.1873707707
20180805,777682.7310829412
20180806,775679.497746322
20180807,775445.0451090113
20180808,775821.7542110975
20180809,775088.961647647
20180810,774669.2700320017
20180811,776125.9613187637
20180812,774406.3447247983
20180813,774842.9886923005
20180814,775541.5608227932
20180815,776291.4620612205
20180816,776081.3852411476
20180817,775265.770630752
20180818,775008.8723416864
20180819,774034.1309236645
20180820,774848.9935028293
20180821,775906.6481217551
20180822,775471.7770651237
20180823,776427.6983191705
20180824,775305.03580706
20180825,774914.2105657934
20180826,776442.7997524727
20180827,774349.2553342294
20180828,775822.5737187954
20180829,777298.3213215852
20180830,776474.9644930472
20180831,775890.849497656
20180901,805525.343246704
20180902,806352.9006026199
20180903,806789.8654557329
20180904,805470.6510103733
20180905,806053.7616277656
20180906,806575.8947185893
20180907,805744.6863029619
20180908,807002.1443351755
20180909,806655.9410809787
20180910,804761.832171038
20180911,805920.0586665776
20180912,805159.8683957615
20180913,805254.2556641947
20180914,806307.6963621932
20180915,805190.3086874523
20180916,806628.3118078064
20180917,806133.7381002334
20180918,805998.3434244619
20180919,806111.7887133156
20180920,806838.6203013717
20180921,804919.5063079055
20180922,806485.8675109778
20180923,807077.1786809099
20180924,806026.1843266077
20180925,806560.225965374
20180926,806523.9467550796
20180927,807073.9562616533
20180928,805896.3671805555
20180929,805523.6946031038
20180930,804897.4609610146
20181001,731853.3061614973
20181002,733365.9252011965
20181003,730286.3628287237
20181004,733169.2392050496
20181005,731948.9008432121
20181006,731764.4928209033
20181007,732586.5221630286
20181008,732527.3392796107
20181009,731381.9062637163
20181010,733128.4691978111
20181011,732045.967700639
20181012,732131.1595399589
20181013,732824.4424014097
20181014,731397.0622996069
20181015,731811.8052467861
20181016,730971.3930673323
20181017,733632.0489350506
20181018,732340.5171367631
20181019,733680.7915069243
20181020,730842.8255396307
20181021,732769.2147229861
20181022,734115.7723329071
20181023,733277.8219839243
20181024,731818.7436341321
20181025,733991.7114182615
20181026,732974.9241225909
20181027,732456.6530118679
20181028,731435.8231626868
20181029,731668.2479419439
20181030,732764.9307676088
20181031,733104.5996145937
20181101,725379.1629117266
20181102,723903.8078257103
20181103,724054.7728407863
20181104,725257.5535405037
20181105,723183.140302797
20181106,725677.3459846231
20181107,722891.4888455777
20181108,723800.622643157
20181109,723131.0682408754
20181110,723638.3545344622
20181111,722659.22837817
20181112,723811.0812722694
20181113,724566.2801034024
20181114,724528.4229773742
20181115,724689.5912350736
20181116,724836.3453163538
20181117,723895.237655279
20181118,723006.6772016876
20181119,725826.7100698851
20181120,722333.0627741962
20181121,722629.3971897401
20181122,721456.7425348426
20181123,722540.2080566706
20181124,723816.2391707456
20181125,723219.3436455274
20181126,724094.5799348834
20181127,722652.1058220555
20181128,723196.157489644
20181129,724924.661398606
20181130,723294.9574891564
20181201,762350.1089570799
20181202,763400.7682359933
20181203,763788.9415598498
20181204,763759.0090976799
20181205,763853.8208252172
20181206,762477.0275604995
20181207,762443.1053378845
20181208,764101.8097919129
20181209,762296.2854023478
20181210,763980.2537117545
20181211,763009.4600244814
20181212,761832.6541623314
20181213,763097.400577832
20181214,762505.7766594554
20181215,762763.0850072305
20181216,761767.7240827554
20181217,761995.2483841492
20181218,763366.3867017301
20181219,763182.1794684863
20181220,763703.1512420629
20181221,763318.4045231671
20181222,763038.8340081384
20181223,762518.0828829344
20181224,763427.6613312343
20181225,760427.6079016185
20181226,762666.1303964225
20181227,762448.5384097379
20181228,762889.9834085868
20181229,761171.4205044189
20181230,762569.2521318655
20181231,761607.6600471134
